Name,Pos,Tm/Bye,Average,Stdev,Rank,Tier,ECR,ECRAvg,ECR VS. ADP,PS,Baseline
Patrick Mahomes,QB,KC/12,6.05,1.15,1.0,1,3|01,25.9,-0.5833333333333334,0.85,QB:15
Josh Allen,QB,BUF/7,5.58,0.98,2.0,1,4|05,41.8,-1.0833333333333333,0.71,RB:35
Kyler Murray,QB,ARI/12,5.46,1.64,3.0,1,5|03,51.1,-0.5833333333333334,0.57,WR:47
Lamar Jackson,QB,BAL/8,5.14,1.04,4.0,1,5|07,55.2,-0.8333333333333334,0.45,TE:16
Dak Prescott,QB,DAL/7,3.44,1.15,5.0,2,6|02,62.2,-0.3333333333333333,0.36,
Russell Wilson,QB,SEA/9,3.42,0.86,6.0,2,6|09,69.5,-0.9166666666666666,0.27,
Aaron Rodgers,QB,GB/13,2.81,0.92,7.0,3,6|12,72.3,-1.0833333333333333,0.2,
Tom Brady,QB,TB/9,2.52,1.11,8.0,3,8|05,89.0,-0.75,0.14,
Justin Herbert,QB,LAC/7,2.05,2.94,9.0,3,7|04,76.8,-1.0,0.09,
Jalen Hurts,QB,PHI/14,1.76,1.09,10.0,3,8|10,94.0,0.5,0.05,
Ryan Tannehill,QB,TEN/13,1.27,1.04,11.0,4,8|05,89.6,0.6666666666666666,0.01,
Joe Burrow,QB,CIN/10,0.56,1.06,12.0,4,9|11,107.2,-0.08333333333333333,0.0,
Matthew Stafford,QB,LAR/11,0.03,1.0,13.0,4,9|02,98.1,-0.9166666666666666,0.0,
Matt Ryan,QB,ATL/6,-0.15,0.98,14.0,4,11|02,122.8,1.25,0.0,
Kirk Cousins,QB,MIN/7,-0.38,0.89,15.0,5,11|06,126.3,2.4166666666666665,0.0,
Trevor Lawrence,QB,JAX/7,-0.55,0.98,16.0,5,11|06,126.0,0.25,0.0,
Derek Carr,QB,LV/8,-0.72,0.79,17.0,5,14|10,166.0,1.75,0.0,
Baker Mayfield,QB,CLE/13,-0.84,0.83,18.0,5,12|10,142.0,0.25,0.0,
Tua Tagovailoa,QB,MIA/14,-0.85,2.12,19.0,5,12|08,140.3,1.9166666666666667,0.0,
Daniel Jones,QB,NYG/10,-1.16,1.31,20.0,5,14|12,168.7,3.25,0.0,
Ryan Fitzpatrick,QB,WAS/9,-1.64,1.73,21.0,5,13|08,152.1,3.25,0.0,
Ben Roethlisberger,QB,PIT/7,-1.72,1.2,22.0,5,13|09,153.7,1.3333333333333333,0.0,
Carson Wentz,QB,IND/14,-2.2,2.56,23.0,6,16|04,184.3,3.8333333333333335,0.0,
Sam Darnold,QB,CAR/13,-2.3,1.42,24.0,6,16|07,187.8,2.4166666666666665,0.0,
Zach Wilson,QB,NYJ/6,-2.36,1.58,25.0,6,16|09,189.4,1.0,0.0,
Jared Goff,QB,DET/9,-2.55,1.52,26.0,6,19|08,224.3,1.8333333333333333,0.0,
Jameis Winston,QB,NO/6,-3.64,3.11,27.0,7,16|10,190.7,-0.8333333333333334,0.0,
Justin Fields,QB,CHI/10,-4.14,4.45,28.0,7,14|05,161.6,-0.6666666666666666,0.0,
Trey Lance,QB,SF/6,-4.2,4.64,29.0,7,15|05,173.6,-2.1666666666666665,0.0,
Teddy Bridgewater,QB,DEN/11,-4.41,4.05,30.0,7,21|11,251.0,0.9166666666666666,0.0,
Deshaun Watson,QB,HOU/10,-5.25,4.86,31.0,8,24|07,283.1,-8.666666666666666,0.0,
Cam Newton,QB,NE/14,-6.5,4.7,32.0,9,21|06,246.8,-0.9166666666666666,0.0,
Tyrod Taylor,QB,HOU/10,-7.0,3.45,33.0,9,25|08,296.1,0.5,0.0,
Mac Jones,QB,NE/14,-8.47,3.32,34.0,10,25|12,300.1,-5.0,0.0,
Andy Dalton,QB,CHI/10,-9.59,4.55,35.0,10,28|10,334.7,5.333333333333333,0.0,
Christian McCaffrey,RB,CAR/13,15.02,2.3,1.0,1,1|01,1.0,0.0,0.92,
Dalvin Cook,RB,MIN/7,12.01,1.72,2.0,2,1|02,2.3,0.0,0.85,
Alvin Kamara,RB,NO/6,11.93,2.25,3.0,2,1|03,3.3,0.0,0.78,
Derrick Henry,RB,TEN/13,9.69,1.82,4.0,3,1|07,7.6,-0.16666666666666666,0.73,
Ezekiel Elliott,RB,DAL/7,8.79,1.65,5.0,3,1|07,7.1,0.0,0.68,
Austin Ekeler,RB,LAC/7,8.59,1.6,6.0,3,1|08,8.3,0.5,0.63,
Saquon Barkley,RB,NYG/10,8.55,1.46,7.0,3,1|11,11.4,-0.3333333333333333,0.59,
Aaron Jones,RB,GB/13,8.53,1.06,8.0,3,1|08,8.5,0.08333333333333333,0.54,
Jonathan Taylor,RB,IND/14,7.57,1.78,9.0,4,2|05,17.6,-0.4166666666666667,0.5,
Joe Mixon,RB,CIN/10,7.52,1.53,10.0,4,2|10,22.4,-0.16666666666666666,0.45,
Nick Chubb,RB,CLE/13,6.95,1.12,11.0,4,2|07,19.1,-0.4166666666666667,0.42,
Najee Harris,RB,PIT/7,6.92,1.2,12.0,4,2|11,23.8,-0.9166666666666666,0.38,
Clyde Edwards-Helaire,RB,KC/12,6.36,1.73,13.0,4,3|03,27.8,-0.25,0.34,
Antonio Gibson,RB,WAS/9,6.27,1.51,14.0,4,2|08,20.8,-0.3333333333333333,0.31,
Chris Carson,RB,SEA/9,5.9,1.4,15.0,5,4|01,37.7,-0.16666666666666666,0.27,
DAndre Swift,RB,DET/9,5.8,1.76,16.0,5,3|09,33.5,0.25,0.24,
David Montgomery,RB,CHI/10,5.35,1.79,17.0,5,4|02,38.8,-0.5,0.21,
James Robinson,RB,JAX/7,4.8,2.62,18.0,5,4|04,40.6,0.4166666666666667,0.19,
Miles Sanders,RB,PHI/14,4.53,1.7,19.0,5,4|10,46.6,-0.6666666666666666,0.16,
Josh Jacobs,RB,LV/8,4.42,1.2,20.0,5,5|04,52.6,-1.0833333333333333,0.14,
Mike Davis,RB,ATL/6,3.64,2.28,21.0,6,5|05,53.9,0.25,0.12,
Chase Edmonds,RB,ARI/12,3.2,1.51,22.0,6,6|08,68.7,-0.25,0.1,
Myles Gaskin,RB,MIA/14,3.11,1.87,23.0,6,5|11,59.6,-0.75,0.08,
Gus Edwards,RB,BAL/8,3.1,1.65,24.0,6,6|04,64.7,4.083333333333333,0.06,
Kareem Hunt,RB,CLE/13,2.86,1.02,25.0,6,5|10,58.1,-0.3333333333333333,0.05,
Darrell Henderson,RB,LAR/11,2.38,1.51,26.0,6,5|09,57.1,0.08333333333333333,0.04,
Raheem Mostert,RB,SF/6,1.38,1.39,27.0,6,8|01,85.7,-0.6666666666666666,0.03,
Javonte Williams,RB,DEN/11,1.28,1.8,28.0,7,7|02,74.3,-0.9166666666666666,0.02,
Melvin Gordon,RB,DEN/11,1.13,1.82,29.0,7,8|04,88.6,-0.3333333333333333,0.01,
Damien Harris,RB,NE/14,0.95,1.58,30.0,7,7|05,77.2,0.0,0.01,
James Conner,RB,ARI/12,0.87,1.57,31.0,7,9|08,104.9,-0.4166666666666667,0.0,
Kenyan Drake,RB,LV/8,0.33,2.13,32.0,7,9|08,104.4,0.16666666666666666,0.0,
Leonard Fournette,RB,TB/9,0.19,1.6,33.0,7,10|02,110.7,-2.1666666666666665,0.0,
Ronald Jones,RB,TB/9,0.1,1.1,34.0,7,9|02,98.1,-0.5833333333333334,0.0,
Trey Sermon,RB,SF/6,0.1,2.1,35.0,7,8|08,92.6,-0.16666666666666666,0.0,
Jamaal Williams,RB,DET/9,-0.27,1.06,36.0,7,10|05,113.5,0.75,0.0,
Nyheim Hines,RB,IND/14,-0.3,0.96,37.0,7,9|07,103.3,2.583333333333333,0.0,
Devin Singletary,RB,BUF/7,-0.32,1.01,38.0,7,10|10,118.8,-0.08333333333333333,0.0,
Zack Moss,RB,BUF/7,-0.5,0.94,39.0,7,9|09,105.5,-0.6666666666666666,0.0,
James White,RB,NE/14,-0.53,1.49,40.0,7,11|12,132.7,2.9166666666666665,0.0,
David Johnson,RB,HOU/10,-0.57,2.2,41.0,7,10|10,118.9,-0.08333333333333333,0.0,
Michael Carter,RB,NYJ/6,-0.71,2.19,42.0,7,8|11,95.0,-0.75,0.0,
JD McKissic,RB,WAS/9,-1.32,1.72,43.0,8,11|09,129.1,0.8333333333333334,0.0,
AJ Dillon,RB,GB/13,-1.43,1.65,44.0,8,10|10,118.9,-1.0833333333333333,0.0,
Sony Michel,RB,LAR/11,-1.51,1.54,45.0,8,13|09,153.5,0.0,0.0,
Tony Pollard,RB,DAL/7,-1.57,1.07,46.0,8,11|01,121.8,0.9166666666666666,0.0,
Phillip Lindsay,RB,HOU/10,-2.32,1.71,47.0,8,12|03,135.2,1.0833333333333333,0.0,
Latavius Murray,RB,NO/6,-2.44,1.8,48.0,8,13|07,151.6,1.4166666666666667,0.0,
Giovani Bernard,RB,TB/9,-2.53,1.23,49.0,8,13|02,146.5,2.9166666666666665,0.0,
Tevin Coleman,RB,NYJ/6,-2.81,1.75,50.0,8,14|12,168.1,2.083333333333333,0.0,
Malcolm Brown,RB,MIA/14,-2.9,1.41,51.0,8,17|06,198.0,0.9166666666666666,0.0,
Alexander Mattison,RB,MIN/7,-3.33,0.91,52.0,9,14|01,157.7,0.8333333333333334,0.0,
Justin Jackson,RB,LAC/7,-3.52,1.29,53.0,9,18|07,211.0,3.25,0.0,
Carlos Hyde,RB,JAX/7,-3.57,1.23,54.0,9,17|02,194.6,4.0,0.0,
Damien Williams,RB,CHI/10,-3.61,1.36,55.0,9,17|11,203.8,-0.16666666666666666,0.0,
Boston Scott,RB,PHI/14,-3.8,1.36,56.0,9,18|05,209.9,2.25,0.0,
Rashaad Penny,RB,SEA/9,-3.82,1.17,57.0,9,15|07,175.5,0.25,0.0,
Tarik Cohen,RB,CHI/10,-3.85,2.33,58.0,9,14|12,168.6,4.166666666666667,0.0,
Rhamondre Stevenson,RB,NE/14,-4.0,1.58,59.0,9,18|10,214.9,-1.25,0.0,
Darrel Williams,RB,KC/12,-4.06,1.42,60.0,9,17|01,193.8,2.25,0.0,
Ty Johnson,RB,NYJ/6,-4.07,1.65,61.0,9,20|05,233.4,2.0,0.0,
TySon Williams,RB,BAL/8,-4.15,1.48,62.0,9,20|07,235.9,-4.583333333333333,0.0,
Mark Ingram,RB,HOU/10,-4.18,2.46,63.0,9,19|07,223.7,-0.5833333333333334,0.0,
Jeff Wilson,RB,SF/6,-4.31,2.22,64.0,9,22|04,256.2,1.3333333333333333,0.0,
Darrynton Evans,RB,TEN/13,-4.65,2.04,65.0,9,18|03,207.1,3.583333333333333,0.0,
Qadree Ollison,RB,ATL/6,-4.72,0.95,66.0,9,21|11,251.3,-1.5833333333333333,0.0,
Salvon Ahmed,RB,MIA/14,-4.75,1.47,67.0,9,17|04,196.5,4.333333333333333,0.0,
Marlon Mack,RB,IND/14,-4.83,2.39,68.0,9,17|11,203.8,0.08333333333333333,0.0,
Kenneth Gainwell,RB,PHI/14,-4.91,1.76,69.0,9,17|06,198.7,-2.333333333333333,0.0,
Justice Hill,RB,BAL/8,-5.03,1.71,70.0,9,24|09,285.1,-1.3333333333333333,0.0,
Jake Funk,RB,LAR/11,-5.07,0.06,71.0,9,26|08,308.8,0.8333333333333334,0.0,
Devontae Booker,RB,NYG/10,-5.12,0.97,72.0,9,20|10,238.3,-3.8333333333333335,0.0,
Cordarrelle Patterson,RB,ATL/6,-5.19,1.44,73.0,9,,,,0.0,
Samaje Perine,RB,CIN/10,-5.19,1.37,74.0,9,21|12,252.4,5.083333333333333,0.0,
Jerick McKinnon,RB,KC/12,-5.21,1.35,75.0,9,20|12,240.2,0.16666666666666666,0.0,
Joshua Kelley,RB,LAC/7,-5.23,1.15,76.0,9,19|10,226.8,6.5,0.0,
Chuba Hubbard,RB,CAR/13,-5.35,1.43,77.0,9,18|12,216.9,-2.0,0.0,
LaMical Perine,RB,NYJ/6,-5.35,2.47,78.0,9,22|03,255.3,2.5,0.0,
Wayne Gallman,RB,SF/6,-5.45,1.83,79.0,9,23|01,265.6,3.1666666666666665,0.0,
Tony Jones,RB,NO/6,-5.49,1.62,80.0,10,19|09,225.6,-2.333333333333333,0.0,
Benny Snell,RB,PIT/7,-5.8,1.18,81.0,10,21|01,241.9,0.16666666666666666,0.0,
Brian Hill,RB,TEN/13,-5.97,1.84,82.0,10,,,,0.0,
Chris Evans,RB,CIN/10,-6.09,1.8,83.0,10,26|11,311.7,1.1666666666666667,0.0,
Xavier Jones,RB,LAR/11,-6.11,1.42,84.0,10,21|03,243.8,-7.75,0.0,
Matt Breida,RB,BUF/7,-6.12,2.58,85.0,10,22|09,261.9,11.916666666666664,0.0,
Khalil Herbert,RB,CHI/10,-6.14,0.99,86.0,10,28|06,330.7,0.0,0.0,
Trayveon Williams,RB,CIN/10,-6.29,2.35,88.0,10,27|03,315.6,0.0,0.0,
Larry Rountree,RB,LAC/7,-6.3,1.68,89.0,10,25|06,294.1,-2.9166666666666665,0.0,
Anthony McFarland,RB,PIT/7,-6.37,1.67,90.0,10,22|08,260.8,2.583333333333333,0.0,
Eno Ben,RB,ARI/12,-6.47,1.47,91.0,10,27|05,317.9,-0.5833333333333334,0.0,
Elijah Mitchell,RB,SF/6,-6.49,1.25,92.0,10,26|04,304.0,-7.25,0.0,
Keith Smith,RB,ATL/6,-6.64,0.27,93.0,10,27|03,315.5,0.0,0.0,
Devonta Freeman,RB,NO/6,-6.77,1.63,95.0,10,28|07,331.8,0.0,0.0,
Peyton Barber,RB,WAS/9,-6.79,1.38,96.0,10,29|04,340.6,0.0,0.0,
Jermar Jefferson,RB,DET/9,-6.8,1.09,97.0,10,27|05,317.4,0.0,0.0,
KeShawn Vaughn,RB,TB/9,-6.82,1.5,98.0,10,24|02,278.8,5.583333333333332,0.0,
Corey Clement,RB,NYG/10,-6.91,1.5,99.0,10,22|11,263.5,-2.6666666666666665,0.0,
JJ Taylor,RB,NE/14,-6.99,1.28,100.0,10,28|01,325.8,-2.083333333333333,0.0,
Jaret Patterson,RB,WAS/9,-7.04,1.4,101.0,10,25|12,300.1,-6.25,0.0,
Darwin Thompson,RB,KC/12,-7.1,1.14,102.0,10,28|03,327.9,0.0,0.0,
Jordan Wilkins,RB,IND/14,-7.36,0.93,103.0,10,27|06,318.6,0.0,0.0,
Kylin Hill,RB,GB/13,-7.37,1.23,104.0,10,26|09,309.3,4.833333333333333,0.0,
DErnest Johnson,RB,CLE/13,-7.72,0.78,105.0,10,29|06,342.0,0.0,0.0,
Travis Kelce,TE,KC/12,10.99,1.74,1.0,1,2|04,16.2,-0.5,0.75,
Darren Waller,TE,LV/8,7.91,1.69,2.0,2,2|08,20.1,0.25,0.57,
George Kittle,TE,SF/6,6.58,1.63,3.0,3,3|02,26.6,-0.08333333333333333,0.42,
Mark Andrews,TE,BAL/8,4.22,1.52,4.0,4,5|06,54.7,-0.08333333333333333,0.32,
TJ Hockenson,TE,DET/9,3.53,1.64,5.0,5,5|05,53.2,0.8333333333333334,0.24,
Kyle Pitts,TE,ATL/6,3.34,2.44,6.0,5,5|08,56.4,-0.6666666666666666,0.17,
Noah Fant,TE,DEN/11,1.73,0.81,7.0,6,7|10,82.2,0.08333333333333333,0.13,
Logan Thomas,TE,WAS/9,1.35,1.62,8.0,6,8|01,85.5,0.08333333333333333,0.1,
Tyler Higbee,TE,LAR/11,1.28,1.15,9.0,6,9|06,102.8,0.9166666666666666,0.07,
Dallas Goedert,TE,PHI/14,0.92,1.38,10.0,6,8|12,96.4,-0.5833333333333334,0.05,
Mike Gesicki,TE,MIA/14,0.91,0.76,11.0,6,10|06,114.3,-0.3333333333333333,0.02,
Robert Tonyan,TE,GB/13,0.85,1.31,12.0,6,9|06,102.0,-0.5833333333333334,0.01,
Jonnu Smith,TE,NE/14,0.18,1.06,13.0,7,11|02,122.1,1.1666666666666667,0.0,
Evan Engram,TE,NYG/10,0.05,0.79,14.0,7,11|08,128.9,1.25,0.0,
Irv Smith,TE,MIN/7,-0.1,1.15,15.0,7,11|11,131.2,-0.75,0.0,
Jared Cook,TE,LAC/7,-0.23,0.93,16.0,7,14|10,166.1,0.25,0.0,
Rob Gronkowski,TE,TB/9,-0.3,0.79,17.0,7,13|05,149.3,-0.4166666666666667,0.0,
Austin Hooper,TE,CLE/13,-0.35,0.7,18.0,7,14|09,165.8,1.5,0.0,
Hunter Henry,TE,NE/14,-0.71,1.33,19.0,7,13|02,146.0,1.5833333333333333,0.0,
Zach Ertz,TE,PHI/14,-0.85,1.5,20.0,7,15|09,177.2,-0.3333333333333333,0.0,
Blake Jarwin,TE,DAL/7,-1.13,1.12,21.0,7,14|07,163.5,5.416666666666668,0.0,
Anthony Firkser,TE,TEN/13,-1.14,1.38,22.0,7,15|12,180.3,3.333333333333333,0.0,
Gerald Everett,TE,SEA/9,-1.21,1.79,23.0,7,13|11,155.5,3.75,0.0,
Eric Ebron,TE,PIT/7,-1.27,1.09,24.0,7,17|03,195.2,2.0,0.0,
Cole Kmet,TE,CHI/10,-1.38,1.22,25.0,7,13|10,154.9,4.0,0.0,
Hayden Hurst,TE,ATL/6,-1.91,1.6,26.0,8,19|05,221.7,2.083333333333333,0.0,
Dawson Knox,TE,BUF/7,-2.34,0.88,27.0,8,21|03,243.6,3.8333333333333335,0.0,
Adam Trautman,TE,NO/6,-2.34,1.73,28.0,8,15|07,175.7,1.4166666666666667,0.0,
OJ Howard,TE,TB/9,-2.67,1.25,29.0,8,21|11,251.5,-0.08333333333333333,0.0,
Jordan Akins,TE,HOU/10,-2.97,1.22,30.0,8,23|12,276.5,-2.9166666666666665,0.0,
CJ Uzomah,TE,CIN/10,-3.04,1.77,31.0,8,24|04,280.9,0.25,0.0,
Jimmy Graham,TE,CHI/10,-3.13,1.13,32.0,8,23|07,271.9,-0.6666666666666666,0.0,
Mo Alie-Cox,TE,IND/14,-3.4,1.25,33.0,9,23|08,272.9,1.4166666666666667,0.0,
Jack Doyle,TE,IND/14,-3.52,1.65,34.0,9,23|03,267.8,7.583333333333332,0.0,
Dan Arnold,TE,CAR/13,-3.8,1.68,35.0,9,21|07,247.5,4.083333333333333,0.0,
Chris Herndon,TE,NYJ/6,-3.97,1.94,36.0,9,23|05,269.3,6.166666666666668,0.0,
Dalton Schultz,TE,DAL/7,-3.99,1.24,37.0,9,23|05,269.9,-1.3333333333333333,0.0,
Donald Parham,TE,LAC/7,-4.11,1.85,38.0,9,24|05,281.8,7.083333333333332,0.0,
Will Dissly,TE,SEA/9,-4.27,1.07,39.0,9,26|04,304.0,2.75,0.0,
Juwan Johnson,TE,NO/6,-4.27,1.4,40.0,9,23|01,265.2,-4.666666666666667,0.0,
Pat Freiermuth,TE,PIT/7,-4.29,1.23,41.0,9,24|06,282.4,-6.75,0.0,
Tyler Conklin,TE,MIN/7,-4.3,1.55,42.0,9,26|02,302.8,0.0,0.0,
Tyler Kroft,TE,NYJ/6,-4.46,1.74,43.0,9,26|04,304.0,-1.0,0.0,
Kyle Rudolph,TE,NYG/10,-4.56,1.43,44.0,9,25|06,294.3,11.166666666666664,0.0,
Drew Sample,TE,CIN/10,-4.65,1.68,45.0,9,27|12,324.2,7.166666666666668,0.0,
James OShaughnessy,TE,JAX/7,-4.78,1.39,46.0,9,28|11,335.7,2.833333333333333,0.0,
Maxx Williams,TE,ARI/12,-4.85,1.21,47.0,9,28|05,329.4,0.0,0.0,
Albert Okwuegbunam,TE,DEN/11,-4.91,2.08,48.0,9,27|12,324.3,5.166666666666667,0.0,
David Njoku,TE,CLE/13,-4.95,0.93,49.0,9,28|02,326.6,-2.333333333333333,0.0,
Harrison Bryant,TE,CLE/13,-5.07,1.01,50.0,10,27|07,319.5,8.416666666666666,0.0,
Cameron Brate,TE,TB/9,-5.14,1.12,51.0,10,29|11,347.2,-2.5,0.0,
Jacob Hollister,TE,BUF/7,-5.19,1.66,52.0,10,28|11,335.5,5.333333333333333,0.0,
Pharaoh Brown,TE,HOU/10,-5.45,0.77,53.0,10,29|06,342.3,0.0,0.0,
Foster Moreau,TE,LV/8,-5.52,1.01,54.0,10,30|01,349.1,1.4166666666666667,0.0,
Brevin Jordan,TE,HOU/10,-5.54,1.43,55.0,10,29|11,347.4,0.0,0.0,
Darren Fells,TE,DET/9,-5.57,1.87,56.0,10,30|08,356.0,0.0,0.0,
Geoff Swaim,TE,TEN/13,-5.82,0.94,57.0,10,30|12,360.3,0.0,0.0,
Kylen Granson,TE,IND/14,-5.94,1.67,58.0,10,29|07,343.6,0.0,0.0,
Josh Hill,TE,/,-5.98,0.41,59.0,10,,,,0.0,
Adam Shaheen,TE,MIA/14,-6.16,0.81,60.0,10,26|06,306.7,0.0,0.0,
Jacob Harris,TE,LAR/11,-6.18,0.56,61.0,10,29|05,341.1,0.0,0.0,
Josh Oliver,TE,BAL/8,-6.19,1.11,62.0,10,34|04,400.2,0.0,0.0,
Chris Manhertz,TE,JAX/7,-6.22,1.46,63.0,10,28|04,328.2,0.0,0.0,
Nick Vannett,TE,NO/6,-6.28,1.26,64.0,10,31|08,368.1,0.0,0.0,
Brycen Hopkins,TE,LAR/11,-6.34,1.32,65.0,10,30|01,349.9,0.0,0.0,
Ross Dwelley,TE,SF/6,-6.79,0.9,66.0,10,30|06,354.8,0.0,0.0,
Davante Adams,WR,GB/13,10.05,1.52,1.0,1,1|06,6.1,0.16666666666666666,0.93,
Tyreek Hill,WR,KC/12,8.94,1.2,2.0,1,1|10,10.3,0.25,0.87,
Stefon Diggs,WR,BUF/7,8.64,2.01,3.0,1,1|10,10.9,0.3333333333333333,0.82,
DeAndre Hopkins,WR,ARI/12,7.78,1.26,4.0,2,1|12,12.4,0.3333333333333333,0.76,
Calvin Ridley,WR,ATL/6,7.62,1.18,5.0,2,2|01,13.3,0.5833333333333334,0.71,
DK Metcalf,WR,SEA/9,6.19,1.4,6.0,2,2|07,19.7,0.08333333333333333,0.67,
Justin Jefferson,WR,MIN/7,6.13,2.02,7.0,2,2|07,19.6,0.5,0.63,
AJ Brown,WR,TEN/13,6.03,1.66,8.0,3,2|08,20.7,0.3333333333333333,0.59,
Keenan Allen,WR,LAC/7,5.36,1.43,9.0,3,2|09,21.6,0.4166666666666667,0.55,
Allen Robinson,WR,CHI/10,5.16,1.23,10.0,3,2|12,24.7,0.5833333333333334,0.52,
Terry McLaurin,WR,WAS/9,4.98,1.53,11.0,3,3|04,28.0,-0.08333333333333333,0.49,
Robert Woods,WR,LAR/11,4.36,1.09,12.0,3,3|09,33.9,0.5,0.46,
CeeDee Lamb,WR,DAL/7,4.3,1.81,13.0,3,3|07,31.3,0.16666666666666666,0.43,
Amari Cooper,WR,DAL/7,4.25,0.99,14.0,3,3|11,35.7,0.5833333333333334,0.4,
Tyler Lockett,WR,SEA/9,4.21,1.19,15.0,3,4|06,42.7,0.3333333333333333,0.37,
Cooper Kupp,WR,LAR/11,4.12,1.15,16.0,3,4|04,40.1,0.5833333333333334,0.35,
Chris Godwin,WR,TB/9,4.11,1.16,17.0,3,4|01,37.0,0.5833333333333334,0.32,
Mike Evans,WR,TB/9,3.84,1.05,18.0,4,4|02,38.9,-0.16666666666666666,0.29,
DJ Moore,WR,CAR/13,3.68,0.89,19.0,4,4|05,41.5,1.0,0.27,
Julio Jones,WR,TEN/13,3.48,1.54,20.0,4,4|06,42.6,-0.08333333333333333,0.24,
Adam Thielen,WR,MIN/7,3.34,0.88,21.0,4,5|04,52.4,-0.08333333333333333,0.22,
Diontae Johnson,WR,PIT/7,2.72,1.26,22.0,4,4|05,41.7,0.75,0.2,
Tee Higgins,WR,CIN/10,2.71,1.74,23.0,4,5|04,52.0,1.4166666666666667,0.19,
JuJu Smith-Schuster,WR,PIT/7,2.16,1.12,24.0,4,6|08,68.2,0.4166666666666667,0.17,
Kenny Golladay,WR,NYG/10,2.12,1.3,25.0,4,6|07,67.4,0.4166666666666667,0.16,
Brandin Cooks,WR,HOU/10,2.1,1.3,26.0,5,7|09,81.6,1.0,0.14,
Brandon Aiyuk,WR,SF/6,2.0,1.47,27.0,5,5|08,56.8,0.3333333333333333,0.13,
Odell Beckham,WR,CLE/13,1.94,1.21,28.0,5,6|05,65.3,0.3333333333333333,0.12,
Tyler Boyd,WR,CIN/10,1.9,1.33,29.0,5,6|10,70.8,1.3333333333333333,0.1,
JaMarr Chase,WR,CIN/10,1.75,1.65,30.0,5,6|07,67.2,-0.16666666666666666,0.09,
Chase Claypool,WR,PIT/7,1.71,1.74,31.0,5,6|06,66.2,0.4166666666666667,0.08,
Robby Anderson,WR,CAR/13,1.7,1.04,32.0,5,6|07,67.9,0.5833333333333334,0.07,
Courtland Sutton,WR,DEN/11,1.4,1.26,33.0,5,7|03,75.4,0.4166666666666667,0.06,
Deebo Samuel,WR,SF/6,1.37,1.07,34.0,5,7|10,82.2,0.4166666666666667,0.05,
Jerry Jeudy,WR,DEN/11,1.29,1.45,35.0,5,6|08,68.6,0.5,0.04,
Jarvis Landry,WR,CLE/13,0.97,1.17,36.0,5,8|09,93.9,0.8333333333333334,0.04,
Marvin Jones,WR,JAX/7,0.88,1.22,37.0,5,10|06,114.7,0.75,0.03,
Laviska Shenault,WR,JAX/7,0.81,2.0,38.0,5,8|09,93.7,0.3333333333333333,0.03,
Corey Davis,WR,NYJ/6,0.64,1.01,39.0,5,8|06,90.6,1.0,0.02,
Curtis Samuel,WR,WAS/9,0.6,1.04,40.0,5,9|07,103.5,0.5,0.02,
DJ Chark,WR,JAX/7,0.57,1.66,41.0,5,8|06,90.3,0.75,0.01,
Michael Gallup,WR,DAL/7,0.46,1.1,42.0,5,10|01,109.2,0.8333333333333334,0.01,
DeVonta Smith,WR,PHI/14,0.4,1.43,43.0,5,8|09,93.3,-1.5833333333333333,0.01,
Antonio Brown,WR,TB/9,0.37,1.64,44.0,5,8|08,92.1,0.25,0.0,
Will Fuller,WR,MIA/14,0.37,1.47,45.0,5,8|06,90.6,1.5833333333333333,0.0,
Michael Thomas,WR,NO/6,0.32,3.05,46.0,5,10|05,113.4,-3.1666666666666665,0.0,
Marquise Brown,WR,BAL/8,0.03,1.49,47.0,6,11|11,131.8,-0.5833333333333334,0.0,
Mike Williams,WR,LAC/7,-0.0,0.94,48.0,6,9|12,108.1,0.9166666666666666,0.0,
Michael Pittman,WR,IND/14,-0.11,1.26,49.0,6,10|11,119.1,-0.4166666666666667,0.0,
DeVante Parker,WR,MIA/14,-0.31,1.76,50.0,6,11|05,125.5,1.6666666666666667,0.0,
Cole Beasley,WR,BUF/7,-0.59,1.54,51.0,6,13|05,149.6,0.75,0.0,
Darnell Mooney,WR,CHI/10,-0.65,1.09,52.0,6,11|02,122.8,0.16666666666666666,0.0,
Mecole Hardman,WR,KC/12,-0.72,1.32,53.0,6,13|06,150.7,-0.3333333333333333,0.0,
Russell Gage,WR,ATL/6,-0.82,1.67,54.0,6,13|05,149.6,0.9166666666666666,0.0,
Jaylen Waddle,WR,MIA/14,-0.92,1.89,55.0,6,11|03,123.3,-1.5833333333333333,0.0,
Henry Ruggs,WR,LV/8,-1.08,1.45,56.0,6,14|03,159.0,-2.0,0.0,
Jakobi Meyers,WR,NE/14,-1.54,1.52,57.0,6,14|04,160.0,0.75,0.0,
Sterling Shepard,WR,NYG/10,-1.54,1.96,58.0,6,14|02,158.2,2.4166666666666665,0.0,
Nelson Agholor,WR,NE/14,-1.73,1.45,59.0,6,14|10,166.9,1.0833333333333333,0.0,
Tyrell Williams,WR,DET/9,-1.84,1.54,60.0,6,19|04,220.4,0.16666666666666666,0.0,
TY Hilton,WR,IND/14,-1.9,1.97,61.0,7,14|07,163.8,-0.08333333333333333,0.0,
Emmanuel Sanders,WR,BUF/7,-2.0,1.5,62.0,7,15|11,179.6,2.333333333333333,0.0,
Rondale Moore,WR,ARI/12,-2.12,2.78,63.0,7,15|05,173.8,0.25,0.0,
Elijah Moore,WR,NYJ/6,-2.16,2.31,64.0,7,13|02,146.8,0.9166666666666666,0.0,
Jamison Crowder,WR,NYJ/6,-2.16,2.17,65.0,7,15|09,177.3,2.5,0.0,
Jalen Reagor,WR,PHI/14,-2.23,1.25,66.0,7,14|12,168.9,1.4166666666666667,0.0,
Marquez Callaway,WR,NO/6,-2.26,2.96,67.0,7,13|11,155.2,-3.8333333333333335,0.0,
TreQuan Smith,WR,NO/6,-2.57,1.63,68.0,7,16|07,187.6,2.25,0.0,
Randall Cobb,WR,GB/13,-2.65,1.41,69.0,7,18|09,213.9,-0.75,0.0,
Gabriel Davis,WR,BUF/7,-2.69,1.89,70.0,7,16|09,189.2,2.1666666666666665,0.0,
AJ Green,WR,ARI/12,-2.72,2.1,71.0,7,18|04,208.3,-1.5833333333333333,0.0,
Christian Kirk,WR,ARI/12,-2.96,1.8,72.0,7,17|02,194.6,2.9166666666666665,0.0,
Terrace Marshall,WR,CAR/13,-3.04,2.14,73.0,7,17|01,193.6,0.4166666666666667,0.0,
Breshad Perriman,WR,DET/9,-3.07,1.85,74.0,7,18|01,205.6,4.666666666666667,0.0,
Darius Slayton,WR,NYG/10,-3.33,1.08,75.0,7,18|09,213.8,6.583333333333332,0.0,
Bryan Edwards,WR,LV/8,-3.44,2.22,76.0,7,17|05,197.0,0.9166666666666666,0.0,
Sammy Watkins,WR,BAL/8,-3.67,1.3,77.0,7,19|06,222.8,1.3333333333333333,0.0,
Parris Campbell,WR,IND/14,-3.8,1.88,78.0,7,17|01,193.5,2.75,0.0,
Hunter Renfrow,WR,LV/8,-3.99,1.52,79.0,8,21|09,249.0,3.083333333333333,0.0,
Allen Lazard,WR,GB/13,-4.23,2.06,80.0,8,19|05,221.9,1.6666666666666667,0.0,
Amon-Ra St,WR,DET/9,-4.37,1.89,81.0,8,18|02,206.8,-2.0,0.0,
Nico Collins,WR,HOU/10,-4.59,2.25,82.0,8,22|07,259.0,-0.08333333333333333,0.0,
Rashod Bateman,WR,BAL/8,-4.66,2.07,83.0,8,16|01,181.9,3.9166666666666665,0.0,
Van Jefferson,WR,LAR/11,-4.7,2.04,84.0,8,21|04,244.7,5.25,0.0,
John Brown,WR,LV/8,-4.78,2.19,85.0,8,16|08,188.8,4.083333333333333,0.0,
Marquez Valdes-Scantling,WR,GB/13,-4.86,1.55,86.0,8,20|07,235.0,0.3333333333333333,0.0,
Zach Pascal,WR,IND/14,-4.87,1.57,87.0,8,24|11,287.2,6.75,0.0,
KJ Hamler,WR,DEN/11,-5.13,1.48,88.0,8,20|11,239.9,4.25,0.0,
Keelan Cole,WR,NYJ/6,-5.23,1.62,89.0,8,24|07,283.3,7.333333333333332,0.0,
DeSean Jackson,WR,LAR/11,-5.26,2.48,90.0,8,22|01,253.6,1.6666666666666667,0.0,
Josh Reynolds,WR,TEN/13,-5.29,1.48,91.0,8,21|09,249.2,10.083333333333334,0.0,
Anthony Miller,WR,HOU/10,-5.37,2.45,92.0,8,21|11,251.6,4.5,0.0,
Kendrick Bourne,WR,NE/14,-5.43,2.02,93.0,8,24|09,285.9,7.666666666666668,0.0,
Quez Watkins,WR,PHI/14,-5.53,2.89,94.0,8,23|04,268.9,-2.4166666666666665,0.0,
Keke Coutee,WR,HOU/10,-5.54,1.84,95.0,8,24|07,283.2,2.25,0.0,
Chris Conley,WR,HOU/10,-5.58,1.6,96.0,8,27|08,320.8,-0.5833333333333334,0.0,
Demarcus Robinson,WR,KC/12,-5.58,1.61,97.0,8,24|08,284.0,-2.0,0.0,
Tim Patrick,WR,DEN/11,-5.62,2.13,98.0,8,22|04,256.0,9.333333333333334,0.0,
Kadarius Toney,WR,NYG/10,-5.72,1.9,99.0,8,22|11,263.7,-1.4166666666666667,0.0,
Dee Eskridge,WR,SEA/9,-5.94,2.16,100.0,9,,,,0.0,
Adam Humphries,WR,WAS/9,-5.99,2.33,101.0,9,25|12,300.2,1.0833333333333333,0.0,
James Washington,WR,PIT/7,-6.08,1.37,102.0,9,23|04,268.0,9.833333333333334,0.0,
Donovan Peoples-Jones,WR,CLE/13,-6.11,2.2,103.0,9,24|11,287.6,-1.75,0.0,
Rashard Higgins,WR,CLE/13,-6.13,2.12,104.0,9,24|03,279.9,5.75,0.0,
Josh Palmer,WR,LAC/7,-6.23,2.22,105.0,9,23|12,276.5,-6.416666666666668,0.0,
Olamide Zaccheaus,WR,ATL/6,-6.25,1.97,106.0,9,24|05,281.2,-1.0833333333333333,0.0,
Quintez Cephus,WR,DET/9,-6.29,1.69,107.0,9,24|08,284.9,3.083333333333333,0.0,
Dyami Brown,WR,WAS/9,-6.31,1.67,108.0,9,23|05,269.8,2.583333333333333,0.0,
Denzel Mims,WR,NYJ/6,-6.56,1.83,109.0,9,21|04,244.1,2.0,0.0,
Deonte Harris,WR,NO/6,-6.65,2.4,110.0,9,25|11,299.9,1.0,0.0,
Damiere Byrd,WR,CHI/10,-6.8,1.84,111.0,9,27|04,316.0,-2.6666666666666665,0.0,
Byron Pringle,WR,KC/12,-6.88,2.66,112.0,9,24|11,287.6,-2.0,0.0,
Jalen Guyton,WR,LAC/7,-6.99,1.46,114.0,9,28|05,329.8,1.8333333333333333,0.0,
Preston Williams,WR,MIA/14,-7.21,2.73,116.0,9,24|03,279.4,8.333333333333334,0.0,
Tyron Johnson,WR,LAC/7,-7.28,1.68,117.0,9,26|03,303.2,7.333333333333332,0.0,
Scott Miller,WR,TB/9,-7.28,1.54,118.0,9,,,,0.0,
Greg Ward,WR,PHI/14,-7.28,1.62,119.0,9,27|08,320.3,6.166666666666668,0.0,
Travis Fulgham,WR,PHI/14,-7.29,1.72,120.0,9,26|03,303.7,3.083333333333333,0.0,
Tutu Atwell,WR,LAR/11,-7.4,1.48,121.0,9,28|07,331.5,1.1666666666666667,0.0,
NKeal Harry,WR,NE/14,-7.41,2.2,122.0,9,25|04,292.1,7.083333333333332,0.0,
Auden Tate,WR,CIN/10,-7.48,1.41,124.0,9,29|03,339.8,0.0,0.0,
Collin Johnson,WR,JAX/7,-7.51,1.94,125.0,9,27|07,319.6,0.0,0.0,
Marquise Goodwin,WR,CHI/10,-7.89,1.7,126.0,10,34|11,407.7,-9.333333333333334,0.0,
Amari Rodgers,WR,GB/13,-7.98,1.91,127.0,10,23|10,274.4,-0.16666666666666666,0.0,
Dez Fitzpatrick,WR,TEN/13,-8.01,1.1,128.0,10,27|12,324.4,0.0,0.0,
Tajae Sharpe,WR,ATL/6,-8.03,1.49,129.0,10,30|07,355.0,0.0,0.0,
Mohamed Sanu,WR,SF/6,-8.05,1.47,130.0,10,28|05,329.6,-0.4166666666666667,0.0,
Dede Westbrook,WR,MIN/7,-8.07,1.84,131.0,10,27|06,318.3,0.0,0.0,
Isaiah McKenzie,WR,BUF/7,-8.13,1.27,132.0,10,29|10,346.6,0.0,0.0,
Kalif Raymond,WR,DET/9,-8.23,1.66,134.0,10,33|02,386.8,0.0,0.0,
Phillip Dorsett,WR,JAX/7,-8.23,1.7,135.0,10,31|01,361.3,0.0,0.0,
Chad Beebe,WR,MIN/7,-8.38,1.43,136.0,10,29|04,340.8,-4.0,0.0,
Cedrick Wilson,WR,DAL/7,-8.4,1.15,137.0,10,30|06,354.3,0.0,0.0,
Devin Duvernay,WR,BAL/8,-8.45,1.69,138.0,10,29|06,342.4,0.0,0.0,
Freddie Swain,WR,SEA/9,-8.46,1.11,139.0,10,31|04,364.8,0.0,0.0,
Christian Blake,WR,ATL/6,-8.46,1.61,140.0,10,29|03,339.3,0.0,0.0,
Tylan Wallace,WR,BAL/8,-8.55,1.3,141.0,10,29|04,340.3,-4.416666666666667,0.0,
Trent Sherfield,WR,SF/6,-8.66,1.22,142.0,10,29|08,344.7,-2.75,0.0,
Mack Hollins,WR,MIA/14,-8.72,2.41,143.0,10,,,,0.0,
Dazz Newsome,WR,CHI/10,-8.81,2.23,144.0,10,31|10,370.9,-3.083333333333333,0.0,
Andy Isabella,WR,ARI/12,-8.86,1.19,145.0,10,27|09,321.1,0.0,0.0,
Frank Darby,WR,ATL/6,-8.89,1.44,146.0,10,33|05,389.8,0.0,0.0,
LilJordan Humphrey,WR,NO/6,-9.12,1.44,147.0,10,28|08,332.7,0.0,0.0,
Ray-Ray McCloud,WR,PIT/7,-9.14,1.52,148.0,10,34|05,401.0,0.0,0.0,
Jeff Smith,WR,NYJ/6,-9.56,1.3,149.0,10,,,,0.0,
Mike Thomas,WR,CIN/10,-9.79,1.52,150.0,10,,,,0.0,
